
GO

/*
Post-Deployment Script Template							
--------------------------------------------------------------------------------------
Post deployment script for Abdul Samadh Memorial Hospital			
--------------------------------------------------------------------------------------
*/

--Global settings json
DELETE FROM [dbo].[GlobalSettings];
INSERT INTO [dbo].[GlobalSettings]([JsonSettings]) VALUES ('{"VerifyNidPpOnOrder": true,"IsAnalysisRequestBarcodeRequired": true,"ReportExportBasePath": "C:\\Logs\\","IsFullnameAbbreviated": false,"HmsLinkQuery":"SELECT [Billid] AS [EpisodeNumber] ,[ptidxno] AS [PatientId] ,[idcard] AS [NidPp] ,[ptName] AS [FullName] ,[sex] AS [Gender] ,[RegAtoll] AS [RegAtollId] ,[regisland] AS [RegIslandId] ,[dob] AS [Birthdate],[BilledDate],[billitemdetailentryid] AS [BillItemDetailEntryId] ,[itemcode] AS [ItemCode] ,[itemdescription] AS [ItemDescription] FROM [ptinfo] [P] INNER JOIN [CashBillMain] [CBM] ON [CBM].[billservedpersonId] = [P].[ptidxno] INNER JOIN [cashbillitemdetail] [CBID] ON [CBID].[billno] = [CBM].[billid] INNER JOIN [serviceList] [SL] ON [SL].[serviceId] = [CBID].[itemcode] WHERE [serviceMainCatId] = 11 AND [isdeleted] = 0 AND [CBM].[billid] = @MemoNumber;","IsReportByEpisode":true}')


-- INSERT SITES
SET IDENTITY_INSERT [dbo].[Sites] ON;
INSERT INTO [dbo].[Sites] ([Id],[Name])
  VALUES (1,'PHELBOTOMY');
SET IDENTITY_INSERT [dbo].[Sites] OFF;

-- INSERT NATIONALITIES
SET IDENTITY_INSERT [dbo].[Country] ON;
INSERT INTO [dbo].[Country] ([Id],[Country])
  VALUES 
(10231001,'Afghanistan'),
(10231002,'Albania'),
(10231003,'Algeria'),
(10231004,'American Samoa'),
(10231005,'Andorra'),
(10231006,'Angola'),
(10231007,'Anguilla'),
(10231008,'Antarctica'),
(10231009,'Antigua And Barbuda'),
(10231010,'Argentina'),
(10231011,'Armenia'),
(10231012,'Aruba'),
(10231013,'Australia'),
(10231014,'Austria'),
(10231015,'Azerbaijan'),
(10231016,'Bahamas, The'),
(10231017,'Bahrain'),
(10231018,'Bangladesh'),
(10231019,'Barbados'),
(10231020,'Belarus'),
(10231021,'Belgium'),
(10231022,'Belize'),
(10231023,'Benin'),
(10231024,'Bermuda'),
(10231025,'Bhutan'),
(10231026,'Bolivia'),
(10231027,'Bosnia and Herzegovina'),
(10231028,'Botswana'),
(10231029,'Bouvet Island'),
(10231030,'Brazil'),
(10231031,'British Indian Ocean Territory'),
(10231032,'Brunei'),
(10231033,'Bulgaria'),
(10231034,'Burkina Faso'),
(10231035,'Burundi'),
(10231036,'Cambodia'),
(10231037,'Cameroon'),
(10231038,'Canada'),
(10231039,'Cape Verde'),
(10231040,'Cayman Islands'),
(10231041,'Central African Republic'),
(10231042,'Chad'),
(10231043,'Chile'),
(10231044,'China'),
(10231045,'China (Hong Kong S.A.R.)'),
(10231046,'China (Macau S.A.R.)'),
(10231047,'Christmas Island'),
(10231048,'Cocos (Keeling) Islands'),
(10231049,'Colombia'),
(10231050,'Comoros'),
(10231051,'Congo'),
(10231052,'Congo, Democractic Republic of the  '),
(10231053,'Cook Islands'),
(10231054,'Costa Rica'),
(10231055,'Cote D''Ivoire (Ivory Coast)'),
(10231056,'Croatia (Hrvatska)'),
(10231057,'Cuba'),
(10231058,'Cyprus'),
(10231059,'Czech Republic'),
(10231060,'Denmark'),
(10231061,'Djibouti'),
(10231062,'Dominica'),
(10231063,'Dominican Republic'),
(10231064,'East Timor'),
(10231065,'Ecuador'),
(10231066,'Egypt'),
(10231067,'El Salvador'),
(10231068,'Equatorial Guinea'),
(10231069,'Eritrea'),
(10231070,'Estonia'),
(10231071,'Ethiopia'),
(10231072,'Falkland Islands (Islas Malvinas)'),
(10231073,'Faroe Islands'),
(10231074,'Fiji Islands'),
(10231075,'Finland'),
(10231076,'France'),
(10231077,'French Guiana'),
(10231078,'French Polynesia'),
(10231079,'French Southern Territories'),
(10231080,'Gabon'),
(10231081,'Gambia, The'),
(10231082,'Georgia'),
(10231083,'Germany'),
(10231084,'Ghana'),
(10231085,'Gibraltar'),
(10231086,'Greece'),
(10231087,'Greenland'),
(10231088,'Grenada'),
(10231089,'Guadeloupe'),
(10231090,'Guam'),
(10231091,'Guatemala'),
(10231092,'Guinea'),
(10231093,'Guinea-Bissau'),
(10231094,'Guyana'),
(10231095,'Haiti'),
(10231096,'Heard and McDonald Islands'),
(10231097,'Honduras'),
(10231098,'Hungary'),
(10231099,'Iceland'),
(10231100,'India'),
(10231101,'Indonesia'),
(10231102,'Iran'),
(10231103,'Iraq'),
(10231104,'Ireland'),
(10231105,'Israel'),
(10231106,'Italy'),
(10231107,'Jamaica'),
(10231108,'Japan'),
(10231109,'Jordan'),
(10231110,'Kazakhstan'),
(10231111,'Kenya'),
(10231112,'Kiribati'),
(10231113,'Korea'),
(10231114,'Korea, North '),
(10231115,'Kuwait'),
(10231116,'Kyrgyzstan'),
(10231117,'Laos'),
(10231118,'Latvia'),
(10231119,'Lebanon'),
(10231120,'Lesotho'),
(10231121,'Liberia'),
(10231122,'Libya'),
(10231123,'Liechtenstein'),
(10231124,'Lithuania'),
(10231125,'Luxembourg'),
(10231126,'Macedonia, Former Yugoslav Republic of'),
(10231127,'Madagascar'),
(10231128,'Malawi'),
(10231129,'Malaysia'),
(10231130,'Maldives'),
(10231131,'Mali'),
(10231132,'Malta'),
(10231133,'Marshall Islands'),
(10231134,'Martinique'),
(10231135,'Mauritania'),
(10231136,'Mauritius'),
(10231137,'Mayotte'),
(10231138,'Mexico'),
(10231139,'Micronesia'),
(10231140,'Moldova'),
(10231141,'Monaco'),
(10231142,'Mongolia'),
(10231143,'Montserrat'),
(10231144,'Morocco'),
(10231145,'Mozambique'),
(10231146,'Myanmar'),
(10231147,'Namibia'),
(10231148,'Nauru'),
(10231149,'Nepal'),
(10231150,'Netherlands Antilles'),
(10231151,'Netherlands, The'),
(10231152,'New Caledonia'),
(10231153,'New Zealand'),
(10231154,'Nicaragua'),
(10231155,'Niger'),
(10231156,'Nigeria'),
(10231157,'Niue'),
(10231158,'Norfolk Island'),
(10231159,'Northern Mariana Islands'),
(10231160,'Norway'),
(10231161,'Oman'),
(10231162,'Pakistan'),
(10231163,'Palau'),
(10231164,'Panama'),
(10231165,'Papua new Guinea'),
(10231166,'Paraguay'),
(10231167,'Peru'),
(10231168,'Philippines'),
(10231169,'Pitcairn Island'),
(10231170,'Poland'),
(10231171,'Portugal'),
(10231172,'Puerto Rico'),
(10231173,'Qatar'),
(10231174,'Reunion'),
(10231175,'Romania'),
(10231176,'Russia'),
(10231177,'Rwanda'),
(10231178,'Saint Helena'),
(10231179,'Saint Kitts And Nevis'),
(10231180,'Saint Lucia'),
(10231181,'Saint Pierre and Miquelon'),
(10231182,'Saint Vincent And The Grenadines'),
(10231183,'Samoa'),
(10231184,'San Marino'),
(10231185,'Sao Tome and Principe'),
(10231186,'Saudi Arabia'),
(10231187,'Senegal'),
(10231188,'Seychelles'),
(10231189,'Sierra Leone'),
(10231190,'Singapore'),
(10231191,'Slovakia'),
(10231192,'Slovenia'),
(10231193,'Solomon Islands'),
(10231194,'Somalia'),
(10231195,'South Africa'),
(10231196,'South Georgia And The South Sandwich Islands'),
(10231197,'Spain'),
(10231198,'Sri Lanka'),
(10231199,'Sudan'),
(10231200,'Suriname'),
(10231201,'Svalbard And Jan Mayen Islands'),
(10231202,'Swaziland'),
(10231203,'Sweden'),
(10231204,'Switzerland'),
(10231205,'Syria'),
(10231206,'Taiwan'),
(10231207,'Tajikistan'),
(10231208,'Tanzania'),
(10231209,'Thailand'),
(10231210,'Togo'),
(10231211,'Tokelau'),
(10231212,'Tonga'),
(10231213,'Trinidad And Tobago'),
(10231214,'Tunisia'),
(10231215,'Turkey'),
(10231216,'Turkmenistan'),
(10231217,'Turks And Caicos Islands'),
(10231218,'Tuvalu'),
(10231219,'Uganda'),
(10231220,'Ukraine'),
(10231221,'United Arab Emirates'),
(10231222,'United Kingdom'),
(10231223,'United States'),
(10231224,'United States Minor Outlying Islands'),
(10231225,'Uruguay'),
(10231226,'Uzbekistan'),
(10231227,'Vanuatu'),
(10231228,'Vatican City State (Holy See)'),
(10231229,'Venezuela'),
(10231230,'Vietnam'),
(10231231,'Virgin Islands (British)'),
(10231232,'Virgin Islands (US)'),
(10231233,'Wallis And Futuna Islands'),
(10231234,'Western Sahara'),
(10231235,'Yemen'),
(10231236,'Yugoslavia'),
(10231237,'Zambia'),
(10231238,'Zimbabwe');
SET IDENTITY_INSERT [dbo].[Country] OFF;

SET IDENTITY_INSERT [dbo].[Gender] ON;
-- INSERT GENDERS
INSERT INTO [dbo].[Gender] ([Id],[Gender])
  VALUES (1,'MALE'),
  (2, 'FEMALE'),
  (3, 'UNKNOWN'),
  (4, 'NOT AVAILABLE');
SET IDENTITY_INSERT [dbo].[Gender] OFF;


SET IDENTITY_INSERT [dbo].[Atoll] ON;
-- INSERT ATOLLS
INSERT INTO [dbo].[Atoll] ([Id],[Atoll], [Island])
  VALUES 
  (10011,'HA','Thuraakunu'),
(10012,'HA','Uligamu'),
(10013,'HA','Berinmadhoo'),
(10014,'HA','Hathifushi'),
(10015,'HA','Mulhadhoo'),
(10016,'HA','Hoarafushi'),
(10017,'HA','Ihavandhoo'),
(10018,'HA','Kelaa'),
(10019,'HA','Vashafaru'),
(100110,'HA','Dhidhdhoo'),
(100111,'HA','Filladhoo'),
(100112,'HA','Maarandhoo'),
(100113,'HA','Thakandhoo'),
(100114,'HA','Utheemu'),
(100115,'HA','Muraidhoo'),
(100116,'HA','Baarah'),
(100217,'HDH','Faridhoo'),
(100218,'HDH','Hodaidhoo'),
(100219,'HDH','Hanimaadhoo'),
(100220,'HDH','Finey'),
(100221,'HDH','Naivaadhoo'),
(100222,'HDH','Hirimaradhoo'),
(100223,'HDH','Nolhivaranfaru'),
(100224,'HDH','Nellaidhoo'),
(100225,'HDH','Nolhivaram'),
(100226,'HDH','Kuribi'),
(100227,'HDH','Kunburudhoo'),
(100228,'HDH','Kulhudhuffushi'),
(100229,'HDH','Kumundhoo'),
(100230,'HDH','Neykurendhoo'),
(100231,'HDH','Vaikaradhoo'),
(100232,'HDH','Maavaidhoo'),
(100233,'HDH','Makunudhoo'),
(100334,'SH','Kanditheemu'),
(100335,'SH','Noomaraa'),
(100336,'SH','Goidhoo'),
(100337,'SH','Feydhoo'),
(100338,'SH','Feevah'),
(100339,'SH','Billefahi'),
(100340,'SH','Fokaidhoo'),
(100341,'SH','Narudhoo'),
(100342,'SH','Maakandoodhoo'),
(100343,'SH','Maroshi'),
(100344,'SH','Lhaimagu'),
(100345,'SH','Firubaidhoo'),
(100346,'SH','Komandoo'),
(100347,'SH','Maaugoodhoo'),
(100348,'SH','Funadhoo'),
(100449,'N','Hembadhoo'),
(100450,'N','Kendhikulhudhoo'),
(100451,'N','Maalhendhoo'),
(100452,'N','Kudafari'),
(100453,'N','Landhoo'),
(100454,'N','Maafaru'),
(100455,'N','Lhohi'),
(100456,'N','Miladhoo'),
(100457,'N','Magoodhoo'),
(100458,'N','Manadhoo'),
(100459,'N','Holhudhoo'),
(100460,'N','Fohdhoo'),
(100461,'N','Velidhoo'),
(100562,'R','Alifushi'),
(100563,'R','Vaadhoo'),
(100564,'R','Rasgatheem'),
(100565,'R','Angolhitheem'),
(100566,'R','Hulhudhufaaru'),
(100567,'R','Ungoofaaru'),
(100568,'R','Kandholhudhoo'),
(100569,'R','Maakurath'),
(100570,'R','Rasmaadhoo'),
(100571,'R','Innamaadhoo'),
(100572,'R','Maduvari'),
(100573,'R','Inguraidhoo'),
(100574,'R','Fainu'),
(100575,'R','Kinolhas'),
(100576,'R','Meedhoo'),
(100677,'B','Kudarikilu'),
(100678,'B','Kamadhoo'),
(100679,'B','Kendhoo'),
(100680,'B','Kihaadhoo'),
(100681,'B','Dhonfanu'),
(100682,'B','Dharavandhoo'),
(100683,'B','Maalhos'),
(100684,'B','Eydhafushi'),
(100685,'B','Thulhaadhoo'),
(100686,'B','Hithaadhoo'),
(100687,'B','Fulhadhoo'),
(100688,'B','Fehendhoo'),
(100689,'B','Goidhoo'),
(100790,'LH','Hinnavaru'),
(100791,'LH','Naifaru'),
(100792,'LH','Kurendhoo'),
(100793,'LH','Olhuvelifushi'),
(100894,'K','Kaashidhoo'),
(100895,'K','Gaafaru'),
(100896,'K','Dhiffushi'),
(100897,'K','Thulusdhoo'),
(100898,'K','Huraa'),
(100899,'K','Himmafushi'),
(1008100,'K','Gulhi'),
(1008101,'K','Maafushi'),
(1008102,'K','Guraidhoo'),
(1009103,'Male','Male'),
(1010104,'AU','Thoddoo'),
(1010105,'AU','Rasdhoo'),
(1010106,'AU','Ukulhas'),
(1010107,'AU','Mathiveri'),
(1010108,'AU','Bodufolhudhoo'),
(1010109,'AU','Feridhoo'),
(1010110,'AU','Maalhos'),
(1010111,'AU','Himendhoo'),
(1011112,'AD','Hangnaameedhoo'),
(1011113,'AD','Omadhoo'),
(1011114,'AD','Kunburudhoo'),
(1011115,'AD','Mandhoo'),
(1011116,'AD','Mahibadhoo'),
(1011117,'AD','Dhangethi'),
(1011118,'AD','Dhigurah'),
(1011119,'AD','Dhidhdhoo'),
(1011120,'AD','Fenfushi'),
(1011121,'AD','Maamigili'),
(1012122,'V','Fulidhoo'),
(1012123,'V','Thinadhoo'),
(1012124,'V','Felidhoo'),
(1012125,'V','Keyodhoo'),
(1012126,'V','Rakeedhoo'),
(1013127,'M','Raiymandhoo'),
(1013128,'M','Madifushi'),
(1013129,'M','Veyvah'),
(1013130,'M','Mulah'),
(1013131,'M','Muli'),
(1013132,'M','Naalaafushi'),
(1013133,'M','Kolhufushi'),
(1013134,'M','Dhiggaru'),
(1013135,'M','Maduvvari'),
(1014136,'F','Feeali'),
(1014137,'F','Biledhdhoo'),
(1014138,'F','Magoodhoo'),
(1014139,'F','Dharanboodhoo'),
(1014140,'F','Nilandhoo'),
(1015141,'DH','Meedhoo'),
(1015142,'DH','Bandidhoo'),
(1015143,'DH','Rinbudhoo'),
(1015144,'DH','Hulhudheli'),
(1015145,'DH','Gemendhoo'),
(1015146,'DH','Vaani'),
(1015147,'DH','Maaenboodhoo'),
(1015148,'DH','Kudahuvadhoo'),
(1016149,'TH','Buruni'),
(1016150,'TH','Vilifushi'),
(1016151,'TH','Madifushi'),
(1016152,'TH','Dhiyamigili'),
(1016153,'TH','Guraidhoo'),
(1016154,'TH','Kandoodhoo'),
(1016155,'TH','Vandhoo'),
(1016156,'TH','Hirilandhoo'),
(1016157,'TH','Gaadhiffushi'),
(1016158,'TH','Thimarafushi'),
(1016159,'TH','Veymandoo'),
(1016160,'TH','Kinbidhoo'),
(1016161,'TH','Omadhoo'),
(1017162,'L','Isdhoo'),
(1017163,'L','Dhanbidhoo'),
(1017164,'L','Maabaidhoo'),
(1017165,'L','Mundoo'),
(1017166,'L','Kalhaidhoo'),
(1017167,'L','Gan'),
(1017168,'L','Maavah'),
(1017169,'L','Fonadhoo'),
(1017170,'L','Gaadhoo'),
(1017171,'L','Maamendhoo'),
(1017172,'L','Hithadhoo'),
(1017173,'L','Kunahandhoo'),
(1018174,'GA','Kolamaafushi'),
(1018175,'GA','Vilingili'),
(1018176,'GA','Maamendhoo'),
(1018177,'GA','Nilandhoo'),
(1018178,'GA','Dhaandhoo'),
(1018179,'GA','Dhevvadhoo'),
(1018180,'GA','Kondey'),
(1018181,'GA','Dhiyadhoo'),
(1018182,'GA','Gemanafushi'),
(1018183,'GA','Kanduhulhudhoo'),
(1019184,'GDH','Madaveli'),
(1019185,'GDH','Hoandehdhoo'),
(1019186,'GDH','Nadalla'),
(1019187,'GDH','Gadhdhoo'),
(1019188,'GDH','Rathafandhoo'),
(1019189,'GDH','Vaadhoo'),
(1019190,'GDH','Fiyoari'),
(1019191,'GDH','Maathodaa'),
(1019192,'GDH','Fares'),
(1019193,'GDH','Thinadhoo'),
(1020194,'GN','Fuvahmulah'),
(1021195,'S','Meedhoo'),
(1021196,'S','Hithadhoo'),
(1021197,'S','Maradhoo'),
(1021198,'S','Feydhoo'),
(1021199,'S','Maradhoo Feydhoo'),
(1021200,'S','Hulhudhoo'),
(1003213,'SH','Milandhoo'),
(1017220,'L','Mathimaradhoo'),
(1025299,'Resorts','Resorts'),
(1023302,'FOREIGN','Foriegners'),
(1023400,'FOREIGN','Abroad'),
(1009901,'Male','Hulhumale'''),
(1009902,'Male','Villingili'),
(1009903,'Male','Maafannu'),
(1009904,'Male','Machchangoalhi'),
(1009905,'Male','Henveyru'),
(1009906,'Male','Galolhu'),
(1023999,'FOREIGN','Nothers'),
(10071000,'LH','Maafilaafushi'),
(10231001,'FOREIGN','Afghanistan'),
(10231002,'FOREIGN','Albania'),
(10231003,'FOREIGN','Algeria'),
(10231004,'FOREIGN','American Samoa'),
(10231005,'FOREIGN','Andorra'),
(10231006,'FOREIGN','Angola'),
(10231007,'FOREIGN','Anguilla'),
(10231008,'FOREIGN','Antarctica'),
(10231009,'FOREIGN','Antigua And Barbuda'),
(10231010,'FOREIGN','Argentina'),
(10231011,'FOREIGN','Armenia'),
(10231012,'FOREIGN','Aruba'),
(10231013,'FOREIGN','Australia'),
(10231014,'FOREIGN','Austria'),
(10231015,'FOREIGN','Azerbaijan'),
(10231016,'FOREIGN','Bahamas, The'),
(10231017,'FOREIGN','Bahrain'),
(10231018,'FOREIGN','Bangladesh'),
(10231019,'FOREIGN','Barbados'),
(10231020,'FOREIGN','Belarus'),
(10231021,'FOREIGN','Belgium'),
(10231022,'FOREIGN','Belize'),
(10231023,'FOREIGN','Benin'),
(10231024,'FOREIGN','Bermuda'),
(10231025,'FOREIGN','Bhutan'),
(10231026,'FOREIGN','Bolivia'),
(10231027,'FOREIGN','Bosnia and Herzegovina'),
(10231028,'FOREIGN','Botswana'),
(10231029,'FOREIGN','Bouvet Island'),
(10231030,'FOREIGN','Brazil'),
(10231031,'FOREIGN','British Indian Ocean Territory'),
(10231032,'FOREIGN','Brunei'),
(10231033,'FOREIGN','Bulgaria'),
(10231034,'FOREIGN','Burkina Faso'),
(10231035,'FOREIGN','Burundi'),
(10231036,'FOREIGN','Cambodia'),
(10231037,'FOREIGN','Cameroon'),
(10231038,'FOREIGN','Canada'),
(10231039,'FOREIGN','Cape Verde'),
(10231040,'FOREIGN','Cayman Islands'),
(10231041,'FOREIGN','Central African Republic'),
(10231042,'FOREIGN','Chad'),
(10231043,'FOREIGN','Chile'),
(10231044,'FOREIGN','China'),
(10231045,'FOREIGN','China (Hong Kong S.A.R.)'),
(10231046,'FOREIGN','China (Macau S.A.R.)'),
(10231047,'FOREIGN','Christmas Island'),
(10231048,'FOREIGN','Cocos (Keeling) Islands'),
(10231049,'FOREIGN','Colombia'),
(10231050,'FOREIGN','Comoros'),
(10231051,'FOREIGN','Congo'),
(10231052,'FOREIGN','Congo, Democractic Republic of the  '),
(10231053,'FOREIGN','Cook Islands'),
(10231054,'FOREIGN','Costa Rica'),
(10231055,'FOREIGN','Cote D''Ivoire (Ivory Coast)'),
(10231056,'FOREIGN','Croatia (Hrvatska)'),
(10231057,'FOREIGN','Cuba'),
(10231058,'FOREIGN','Cyprus'),
(10231059,'FOREIGN','Czech Republic'),
(10231060,'FOREIGN','Denmark'),
(10231061,'FOREIGN','Djibouti'),
(10231062,'FOREIGN','Dominica'),
(10231063,'FOREIGN','Dominican Republic'),
(10231064,'FOREIGN','East Timor'),
(10231065,'FOREIGN','Ecuador'),
(10231066,'FOREIGN','Egypt'),
(10231067,'FOREIGN','El Salvador'),
(10231068,'FOREIGN','Equatorial Guinea'),
(10231069,'FOREIGN','Eritrea'),
(10231070,'FOREIGN','Estonia'),
(10231071,'FOREIGN','Ethiopia'),
(10231072,'FOREIGN','Falkland Islands (Islas Malvinas)'),
(10231073,'FOREIGN','Faroe Islands'),
(10231074,'FOREIGN','Fiji Islands'),
(10231075,'FOREIGN','Finland'),
(10231076,'FOREIGN','France'),
(10231077,'FOREIGN','French Guiana'),
(10231078,'FOREIGN','French Polynesia'),
(10231079,'FOREIGN','French Southern Territories'),
(10231080,'FOREIGN','Gabon'),
(10231081,'FOREIGN','Gambia, The'),
(10231082,'FOREIGN','Georgia'),
(10231083,'FOREIGN','Germany'),
(10231084,'FOREIGN','Ghana'),
(10231085,'FOREIGN','Gibraltar'),
(10231086,'FOREIGN','Greece'),
(10231087,'FOREIGN','Greenland'),
(10231088,'FOREIGN','Grenada'),
(10231089,'FOREIGN','Guadeloupe'),
(10231090,'FOREIGN','Guam'),
(10231091,'FOREIGN','Guatemala'),
(10231092,'FOREIGN','Guinea'),
(10231093,'FOREIGN','Guinea-Bissau'),
(10231094,'FOREIGN','Guyana'),
(10231095,'FOREIGN','Haiti'),
(10231096,'FOREIGN','Heard and McDonald Islands'),
(10231097,'FOREIGN','Honduras'),
(10231098,'FOREIGN','Hungary'),
(10231099,'FOREIGN','Iceland'),
(10231100,'FOREIGN','India'),
(10231101,'FOREIGN','Indonesia'),
(10231102,'FOREIGN','Iran'),
(10231103,'FOREIGN','Iraq'),
(10231104,'FOREIGN','Ireland'),
(10231105,'FOREIGN','Israel'),
(10231106,'FOREIGN','Italy'),
(10231107,'FOREIGN','Jamaica'),
(10231108,'FOREIGN','Japan'),
(10231109,'FOREIGN','Jordan'),
(10231110,'FOREIGN','Kazakhstan'),
(10231111,'FOREIGN','Kenya'),
(10231112,'FOREIGN','Kiribati'),
(10231113,'FOREIGN','Korea'),
(10231114,'FOREIGN','Korea, North '),
(10231115,'FOREIGN','Kuwait'),
(10231116,'FOREIGN','Kyrgyzstan'),
(10231117,'FOREIGN','Laos'),
(10231118,'FOREIGN','Latvia'),
(10231119,'FOREIGN','Lebanon'),
(10231120,'FOREIGN','Lesotho'),
(10231121,'FOREIGN','Liberia'),
(10231122,'FOREIGN','Libya'),
(10231123,'FOREIGN','Liechtenstein'),
(10231124,'FOREIGN','Lithuania'),
(10231125,'FOREIGN','Luxembourg'),
(10231126,'FOREIGN','Macedonia, Former Yugoslav Republic of'),
(10231127,'FOREIGN','Madagascar'),
(10231128,'FOREIGN','Malawi'),
(10231129,'FOREIGN','Malaysia'),
(10231130,'FOREIGN','Maldives'),
(10231131,'FOREIGN','Mali'),
(10231132,'FOREIGN','Malta'),
(10231133,'FOREIGN','Marshall Islands'),
(10231134,'FOREIGN','Martinique'),
(10231135,'FOREIGN','Mauritania'),
(10231136,'FOREIGN','Mauritius'),
(10231137,'FOREIGN','Mayotte'),
(10231138,'FOREIGN','Mexico'),
(10231139,'FOREIGN','Micronesia'),
(10231140,'FOREIGN','Moldova'),
(10231141,'FOREIGN','Monaco'),
(10231142,'FOREIGN','Mongolia'),
(10231143,'FOREIGN','Montserrat'),
(10231144,'FOREIGN','Morocco'),
(10231145,'FOREIGN','Mozambique'),
(10231146,'FOREIGN','Myanmar'),
(10231147,'FOREIGN','Namibia'),
(10231148,'FOREIGN','Nauru'),
(10231149,'FOREIGN','Nepal'),
(10231150,'FOREIGN','Netherlands Antilles'),
(10231151,'FOREIGN','Netherlands, The'),
(10231152,'FOREIGN','New Caledonia'),
(10231153,'FOREIGN','New Zealand'),
(10231154,'FOREIGN','Nicaragua'),
(10231155,'FOREIGN','Niger'),
(10231156,'FOREIGN','Nigeria'),
(10231157,'FOREIGN','Niue'),
(10231158,'FOREIGN','Norfolk Island'),
(10231159,'FOREIGN','Northern Mariana Islands'),
(10231160,'FOREIGN','Norway'),
(10231161,'FOREIGN','Oman'),
(10231162,'FOREIGN','Pakistan'),
(10231163,'FOREIGN','Palau'),
(10231164,'FOREIGN','Panama'),
(10231165,'FOREIGN','Papua new Guinea'),
(10231166,'FOREIGN','Paraguay'),
(10231167,'FOREIGN','Peru'),
(10231168,'FOREIGN','Philippines'),
(10231169,'FOREIGN','Pitcairn Island'),
(10231170,'FOREIGN','Poland'),
(10231171,'FOREIGN','Portugal'),
(10231172,'FOREIGN','Puerto Rico'),
(10231173,'FOREIGN','Qatar'),
(10231174,'FOREIGN','Reunion'),
(10231175,'FOREIGN','Romania'),
(10231176,'FOREIGN','Russia'),
(10231177,'FOREIGN','Rwanda'),
(10231178,'FOREIGN','Saint Helena'),
(10231179,'FOREIGN','Saint Kitts And Nevis'),
(10231180,'FOREIGN','Saint Lucia'),
(10231181,'FOREIGN','Saint Pierre and Miquelon'),
(10231182,'FOREIGN','Saint Vincent And The Grenadines'),
(10231183,'FOREIGN','Samoa'),
(10231184,'FOREIGN','San Marino'),
(10231185,'FOREIGN','Sao Tome and Principe'),
(10231186,'FOREIGN','Saudi Arabia'),
(10231187,'FOREIGN','Senegal'),
(10231188,'FOREIGN','Seychelles'),
(10231189,'FOREIGN','Sierra Leone'),
(10231190,'FOREIGN','Singapore'),
(10231191,'FOREIGN','Slovakia'),
(10231192,'FOREIGN','Slovenia'),
(10231193,'FOREIGN','Solomon Islands'),
(10231194,'FOREIGN','Somalia'),
(10231195,'FOREIGN','South Africa'),
(10231196,'FOREIGN','South Georgia And The South Sandwich Islands'),
(10231197,'FOREIGN','Spain'),
(10231198,'FOREIGN','Sri Lanka'),
(10231199,'FOREIGN','Sudan'),
(10231200,'FOREIGN','Suriname'),
(10231201,'FOREIGN','Svalbard And Jan Mayen Islands'),
(10231202,'FOREIGN','Swaziland'),
(10231203,'FOREIGN','Sweden'),
(10231204,'FOREIGN','Switzerland'),
(10231205,'FOREIGN','Syria'),
(10231206,'FOREIGN','Taiwan'),
(10231207,'FOREIGN','Tajikistan'),
(10231208,'FOREIGN','Tanzania'),
(10231209,'FOREIGN','Thailand'),
(10231210,'FOREIGN','Togo'),
(10231211,'FOREIGN','Tokelau'),
(10231212,'FOREIGN','Tonga'),
(10231213,'FOREIGN','Trinidad And Tobago'),
(10231214,'FOREIGN','Tunisia'),
(10231215,'FOREIGN','Turkey'),
(10231216,'FOREIGN','Turkmenistan'),
(10231217,'FOREIGN','Turks And Caicos Islands'),
(10231218,'FOREIGN','Tuvalu'),
(10231219,'FOREIGN','Uganda'),
(10231220,'FOREIGN','Ukraine'),
(10231221,'FOREIGN','United Arab Emirates'),
(10231222,'FOREIGN','United Kingdom'),
(10231223,'FOREIGN','United States'),
(10231224,'FOREIGN','United States Minor Outlying Islands'),
(10231225,'FOREIGN','Uruguay'),
(10231226,'FOREIGN','Uzbekistan'),
(10231227,'FOREIGN','Vanuatu'),
(10231228,'FOREIGN','Vatican City State (Holy See)'),
(10231229,'FOREIGN','Venezuela'),
(10231230,'FOREIGN','Vietnam'),
(10231231,'FOREIGN','Virgin Islands (British)'),
(10231232,'FOREIGN','Virgin Islands (US)'),
(10231233,'FOREIGN','Wallis And Futuna Islands'),
(10231234,'FOREIGN','Western Sahara'),
(10231235,'FOREIGN','Yemen'),
(10231236,'FOREIGN','Yugoslavia'),
(10231237,'FOREIGN','Zambia'),
(10231238,'FOREIGN','Zimbabwe');

SET IDENTITY_INSERT [dbo].[Atoll] OFF;

-- INSERT CLINICAL DETAILS
INSERT INTO [dbo].[ClinicalDetail] ([Detail])
  VALUES 
    ('Fever')
  , ('Cough')
  , ('Runny Nose')
  , ('Breathing Difficulty')
  , ('Travel History');

-- DATA TYPES
SET IDENTITY_INSERT [dbo].[ResultDataType] ON;
INSERT INTO [dbo].[ResultDataType] ([Id],[Name])
  VALUES 
  (1, 'NUMERIC'),
  (2, 'CODIFIED'),
  (3, 'TEXTUAL');
SET IDENTITY_INSERT [dbo].[ResultDataType] OFF;

SET IDENTITY_INSERT [dbo].[CodifiedResult] ON;
-- CODIFIED RESULTS
INSERT INTO [dbo].[CodifiedResult] ([Id],[Code], [ReferenceCode])
  VALUES
(1,'POSITIVE','PA'),
(2,'DETECTED','PA'),
(3,'SENSITIVE','NM'),
(4,'REACTIVE','PA'),
(5,'NEGATIVE','NM'),
(6,'NOT DETECTED','NM'),
(7,'RESISTANT','PA'),
(8,'NON-REACTIVE','NM'),
(9,'TRACE','AT'),
(10,'1+','PA'),
(11,'2+','PA'),
(12,'3+','PA'),
(13,'4+','PA'),
(14,'+','PA'),
(15,'++','PA'),
(16,'+++','PA'),
(17,'++++','PA'),
(18,'Borderline','PA'),
(19,'Retest','PA'),
(20,'Insufficient','PA'),
(21,'Sufficient','NM'),
(22,'Deficient','PA'),
(23,'Potential Toxicity','PA'),
(24,'Normal','NM'),
(25,'Intermediate','PA'),
(26,'Inconclusive','PA'),
(27,'"A"','NM'),
(28,'"B"','NM'),
(29,'"O"','NM'),
(30,'Rh(D) POSITIVE','NM'),
(31,'Rh(D) NEGATIVE','NM'),
(32,'COLOURLESS','NM'),
(33,'REDISH-BROWN','PA'),
(35,'CLEAR','NM'),
(36,'CLOUDY','PA'),
(37,'HAZY','AT'),
(38,'SEEN','PA'),
(39,'NOT SEEN','NM'),
(40,'"AB"','NM'),
(43,'Rh(Du) POSITIVE','NM'),
(44,'LIGHT YELLOW','NM'),
(45,'YELLOW','NM'),
(46,'ORANGE','NM'),
(47,'BROWN','AT'),
(48,'RED','PA'),
(49,'TURBID','PA'),
(50,'5.0','NM'),
(51,'6.0','NM'),
(52,'6.5','NM'),
(53,'7.0','NM'),
(54,'7.5','NM'),
(55,'8.0','NM'),
(56,'8.9','NM'),
(57,'9.0','NM'),
(58,'1.000','NM'),
(59,'1.005','NM'),
(60,'1.010','NM'),
(61,'1.015','NM'),
(62,'1.020','NM'),
(63,'1.025','NM'),
(64,'1.030','NM'),
(65,'','NM'),
(66,'Uric acid Crystals','MN'),
(67,'Calcium Oxalate Crystals','MN'),
(68,'Hippuric Crystals','MN'),
(69,'Calcium Phosphate Crystals','MN'),
(70,'Triple Phosphate Crystals','MN'),
(71,'Calcium Carbonate Crystals','MN'),
(72,'Ammonium Biurate Crystals','MN'),
(73,'Bilirubin CrystalS','PA'),
(74,'Cholesterol Crystals','PA'),
(75,'Cysteine Crystals','PA'),
(76,'Leucine Crystals','PA'),
(77,'Tyrosine Crystals','PA'),
(78,'Sulfa Crystals','PA'),
(79,'Indinavir Crystals','PA'),
(80,'Hyaline Casts','NM'),
(81,'Granular Casts','PA'),
(82,'Waxy Casts','PA'),
(83,'Fatty Casts','PA'),
(84,'Red Blood Cell Casts','PA'),
(85,'White Blood Cell Casts','PA'),
(86,'Bacterial Casts','PA'),
(87,'Epithelial Cell Casts','PA'),
(88,'DARK BROWN','NM'),
(89,'BLACK','PA'),
(90,'WATERY','AT'),
(91,'LOOSE','NM'),
(92,'SEMI-FORMED','NM'),
(93,'FORMED','PA'),
(94,'NIL','NM'),
(95,'GRAYISH-WHITE','NM'),
(96,'VISCOUS','PA'),
(97,'PRESENT','PA'),
(98,'ABSENT','NM'),
(99,'Fungal elements seen.','PA'),
(100,'Fungal elements not seen.','NM');

SET IDENTITY_INSERT [dbo].[CodifiedResult] OFF;


--INSERT SAMPLE TYPES
SET IDENTITY_INSERT [dbo].[SampleType] ON;
INSERT INTO [dbo].[SampleType] ([Id],[Description], [Colour],[Code])
  VALUES 
  (1,'EDTA WHOLE BLOOD', 'Lavender','W'),
  (2,'SERUM', 'Red','S'),
  (3,'CITRATE PLASMA', 'Blue','P'),
  (4,'FLUORIDE PLASMA', 'Gray','P'),
  (5,'SPOT URINE', 'White','U'),
  (6,'STOOL','Brown','ST'),
  (7,'CSF','White','CS'),
  (8,'SEMEN','Gray','SN'),
  (9,'PLURAL FLUID','Gray','PL'),
  (10,'PERITONEAL FLUID','Gray','PE'),
  (11,'SYNOVIAL FLUID','Gray','SY'),
  (12,'MID-STREAM URINE','Gray','MU'),
  (13,'HVS SWAB','Gray','H'),
  (14,'PUS SWAB','Gray','PU'),
  (15,'SPUTUM','Gray','ST'),
  (16,'EXUDATE','Gray','EX'),
  (17,'MISC SWAB','Gray','SW'),
  (18,'BLOOD','Gray','BL'),
  (19,'MISC SMEAR','Gray','SM'),
  (20,'SKIN','Gray','SK'),
  (21,'NASOPHARYNGEAL SWAB','Gray','NS'),
  (22,'NA','White','');
  SET IDENTITY_INSERT [dbo].[SampleType] OFF;

--INSERT DISCIPLINES
SET IDENTITY_INSERT [dbo].[Discipline] ON;
INSERT INTO [dbo].[Discipline] ([Id],[Description],[Code])
  VALUES 
(1,'DIAGNOSTIC HAEMATOLOGY','H'),
(2,'BIOCHEMISTRY','B'),
(3,'SEROLOGY','S'),
(4,'CLINICAL PATHOLOGY','C'),
(5,'IMMUNOHEAMATOLOGY','I'),
(6,'MICROBIOLOGY','M'),
(7,'MOLECULAR BIOLOGY','MB'),
(8,'HISTOLOGY','H');
SET IDENTITY_INSERT [dbo].[Discipline] OFF;

-- UNITS
SET IDENTITY_INSERT [dbo].[Unit] ON;
INSERT INTO [dbo].[Unit] ([Id],[Unit])
  VALUES 
(1,''),
(2,'g/L'),
(3,'U/L'),
(4,'mg/dL'),
(5,'mmol/L'),
(6,'umol/L'),
(7,'IU/mL'),
(8,'ng/mL'),
(9,'pmol/L'),
(10,'IU/L'),
(11,'ng/L'),
(12,'mlU/L'),
(13,'nmol/L'),
(14,'mIU/mL'),
(15,'g/dL'),
(16,'%'),
(17,'x 10^3/uL'),
(18,'mm/1st Hr'),
(19,'x 10^9/L'),
(20,'x 10^6/uL'),
(21,' fL'),
(22,'pg'),
(23,'sec'),
(24,'mos/kg'),
(25,'ug/dL'),
(26,'ug/mL');
SET IDENTITY_INSERT [dbo].[Unit] OFF;

delete from [dbo].[Test];
SET IDENTITY_INSERT [dbo].[Test] ON;

INSERT INTO [dbo].[Test]([Id],[Description],[PrimaryHeader],[SecondaryHeader],[DisciplineId] ,[SampleTypeId],[Mask],[Reportable] ,[ResultDataTypeId],[UnitId] ,[Code] ,[SortOrder],[DefaultCommented]) VALUES										
(1,'Haemoglobin','Hb/Haematocrit','',1,1,'##.0',1,1,15,'',1,0),
(2,'Haematocrit','Hb/Haematocrit','',1,1,'##.0',1,1,16,'',2,0),
(3,'Total Leukocyte Count','','',1,1,'###.0',1,1,17,'',3,0),
(4,'Absolute Neutrophil Count','Absolute Leukocyte Count(s)','',1,1,'###.0',1,1,19,'',4,0),
(5,'Absolute Lymphocyte Count','Absolute Leukocyte Count(s)','',1,1,'###.0',1,1,19,'',5,0),
(6,'Absolute Monocyte Count','Absolute Leukocyte Count(s)','',1,1,'###.0',1,1,19,'',6,0),
(7,'Absolute Eosinophil Count','Absolute Leukocyte Count(s)','',1,1,'##.0',1,1,19,'',7,0),
(8,'Absolute Basophil Count','Absolute Leukocyte Count(s)','',1,1,'###.0',1,1,19,'',8,0),
(9,'Neutrophil','Differential Leukocyte Count','',1,1,'#0.0',1,1,16,'',9,0),
(10,'Lymphocyte','Differential Leukocyte Count','',1,1,'#0.0',1,1,16,'',10,0),
(11,'Monocyte','Differential Leukocyte Count','',1,1,'#0.0',1,1,16,'',11,0),
(12,'Eosinophil','Differential Leukocyte Count','',1,1,'#0.0',1,1,16,'',12,0),
(13,'Basophil','Differential Leukocyte Count','',1,1,'#0.0',1,1,16,'',13,0),
(14,'ESR','','',1,1,'###.0',1,1,18,'',14,0),
(15,'Thrombocyte Count','','',1,1,'####',1,1,17,'',15,0),
(16,'Total RBC Count','','',1,1,'##.##',1,1,20,'',16,0),
(17,'Blood Picture','','',1,1,'TEXT',1,3,1,'',17,0),
(18,'MCV','Red Cell Indicates ','',1,1,'##.0',1,1,21,'',18,0),
(19,'MCH','Red Cell Indicates ','',1,1,'##.0',1,1,22,'',19,0),
(20,'MCHC','Red Cell Indicates ','',1,1,'##.0',1,1,15,'',20,0),
(21,'Haemoparasites','','',1,1,'38|39',1,2,1,'',21,0),
(22,'G6PD Qualitative','','',1,1,'24|22',1,2,1,'',22,0),
(23,'Prothrombin Time','Prothrombin Time /INR','',1,3,'##.0',1,1,23,'',23,0),
(24,'INR','Prothrombin Time /INR','',1,3,'##.0',1,1,16,'',24,0),
(25,'Bleeding Time','','',1,3,'###.0',1,1,23,'',25,0),
(26,'Clotting Time','','',1,3,'###.0',1,1,23,'',26,0),
(27,'Blood Group','Blood Grouping & Rh Typing ','',1,2,'27|28|29|40',1,2,1,'',27,0),
(28,'Rh Type','Blood Grouping & Rh Typing ','',1,2,'41|42|43',1,2,1,'',28,0),
(29,'Direct Coombs Test','','',1,1,'1|5',1,2,1,'',29,0),
(30,'Indirect Coombs Test','','',1,2,'1|5',1,2,1,'',30,0),
(31,'Glycosylated Hb (HbA1C)','','',2,1,'##.0',1,1,16,'',31,0),
(32,'Random Blood Sugar','','',2,4,'####.0',1,1,4,'R',32,0),
(33,'Fasting Blood Sugar','','',2,4,'####.0',1,1,4,'F',33,0),
(34,'Post Prandial Blood Sugar','','',2,4,'####.0',1,1,4,'P',34,0),
(35,'Post Glucose Blood Sugar','','',2,4,'####.0',1,1,4,'PG',35,0),
(36,'Fasting Blood Sugar (GTT)','Glucose Tolerance Test (GTT 75g Glucose)','',2,4,'####.0',1,1,4,'A',36,0),
(37,'Post Prandial Blood Sugar 1hr','Glucose Tolerance Test (GTT 75g Glucose)','',2,4,'####.0',1,1,4,'B',37,0),
(38,'Post Prandial Blood Sugar 2hr','Glucose Tolerance Test (GTT 75g Glucose)','',2,4,'####.0',1,1,4,'C',38,0),
(39,'Post Prandial Blood Sugar 3hr','Glucose Tolerance Test (GTT 75g Glucose)','',2,4,'####.0',1,1,4,'D',39,0),
(40,'Serum Amylase','','',2,2,'####.0',1,1,3,'',40,0),
(41,'Lipase','','',2,2,'####.0',1,1,3,'',41,0),
(42,'Blood Urea','Renal Assay(s)','',2,2,'###.0',1,1,4,'',42,0),
(43,'Serum Creatinine','Renal Assay(s)','',2,2,'##.00',1,1,4,'',43,0),
(44,'Serum Uric Acid','Renal Assay(s)','',2,2,'##.00',1,1,4,'',44,0),
(45,'Serum Osmolality','','',2,2,'##0.00',1,1,24,'',45,0),
(46,'Total Cholestrol','Lipid Assay(s)','',2,2,'####.0',1,1,4,'',46,0),
(47,'Serum Triglyceride ','Lipid Assay(s)','',2,2,'###.00',1,1,4,'',47,0),
(48,'HDL-Cholestrol','Lipid Assay(s)','',2,2,'##.0',1,1,4,'',48,0),
(49,'LDL-Cholestrol','Lipid Assay(s)','',2,2,'##.0',1,1,4,'',49,0),
(50,'VLDL','Lipid Assay(s)','',2,2,'##.0',1,1,4,'',50,0),
(51,'CK','','',2,2,'#########.0',1,1,3,'',51,0),
(52,'CK-MB','','',2,2,'#########.1',1,1,3,'',52,0),
(53,'LDH','','',2,2,'###.00',1,1,3,'',53,0),
(54,'Troponin T','','',2,2,'###.00',1,1,1,'',54,0),
(55,'Troponin I','','',2,2,'###.00',1,1,8,'',55,0),
(56,'Serum Bilirubin - Total','Liver Assay(s)','',2,2,'##.0',1,1,4,'',56,0),
(57,'Serum Bilirubin - Direct ','Liver Assay(s)','',2,2,'##.0',1,1,4,'',57,0),
(58,'Serum Bilirubin - Neonatal ','Liver Assay(s)','',2,2,'##.0',1,1,4,'',58,0),
(59,'Serum Bilirubin - Delta','Liver Assay(s)','',2,2,'##.0',1,1,4,'',59,0),
(60,'Total Serum Protein','Liver Assay(s)','',2,2,'##.0',1,1,15,'',60,0),
(61,'Serum Albumin','Liver Assay(s)','',2,2,'##.0',1,1,15,'',61,0),
(62,'Serum Globulin ','Liver Assay(s)','',2,2,'##.0',1,1,15,'',62,0),
(63,'A/G Ratio','Liver Assay(s)','',2,2,'##.0',1,1,1,'',63,0),
(64,'SGOT/AST','Liver Assay(s)','',2,2,'######.0',1,1,3,'',64,0),
(65,'SGPT/ALT','Liver Assay(s)','',2,2,'######.0',1,1,3,'',65,0),
(66,'Alkaline Phosphatase','Liver Assay(s)','',2,2,'####.0',1,1,3,'',66,0),
(67,'GGT','Liver Assay(s)','',2,2,'####.0',1,1,3,'',67,0),
(68,'Serum Sodium (NA+)','Electrolye(s)','',2,2,'###.0',1,1,5,'',68,0),
(69,'Serum Potassium (K+)','Electrolye(s)','',2,2,'##.0',1,1,5,'',69,0),
(70,'Serum Chloride (CL-)','Electrolye(s)','',2,2,'###.0',1,1,5,'',70,0),
(71,'Serum Magnesium ','Electrolye(s)','',2,2,'##.0',1,1,4,'',71,0),
(72,'TCO2 (Carbondioxide, Total)','Electrolye(s)','',2,2,'##.0',1,1,1,'',72,0),
(73,'Serum Iron','','',2,2,'###.0',1,1,1,'',73,0),
(74,'Serum TIBC','','',2,2,'###.0',1,1,25,'',74,0),
(75,'Serum Ferritin','','',2,2,'######.0',1,1,8,'',75,0),
(76,'T3','Thyroid Assay(s)','',3,2,'##.000',1,1,13,'',76,0),
(77,'T4','Thyroid Assay(s)','',3,2,'##.000',1,1,13,'',77,0),
(78,'TSH ','Thyroid Assay(s)','',3,2,'##.000',1,1,12,'',78,0),
(79,'Free T3','Thyroid Assay(s)','',3,2,'##.000',1,1,9,'',79,0),
(80,'Free T4','Thyroid Assay(s)','',3,2,'##.000',1,1,9,'',80,0),
(81,'Serum ß-HCG Titre','Endocrine Enzyme Assay(s)','',3,2,'######.0',1,1,14,'',81,0),
(82,'Serum ß-HCG ','Endocrine Enzyme Assay(s)','',3,2,'1|5',1,2,1,'',82,0),
(83,'FSH','Endocrine Enzyme Assay(s)','',3,2,'##.0',1,1,14,'',83,0),
(84,'Progesterone','Endocrine Enzyme Assay(s)','',3,2,'##.0',1,1,13,'',84,0),
(85,'LH','Endocrine Enzyme Assay(s)','',3,2,'##.0',1,1,14,'',85,0),
(86,'Testosterone','Endocrine Enzyme Assay(s)','',3,2,'##.0',1,1,13,'',86,0),
(87,'Estradiol (E2)','Endocrine Enzyme Assay(s)','',3,2,'##.0',1,1,9,'',87,0),
(88,'Prolactin (PRL)','Endocrine Enzyme Assay(s)','',3,2,'##.0',1,1,8,'',88,0),
(89,'Serum Calcium','','',2,2,'##.0',1,1,4,'',89,0),
(90,'Serum Phosphorous','','',2,2,'##.0',1,1,4,'',90,0),
(91,'Vitamin D (25-Hydroxy)','','',3,2,'##.0',1,1,8,'',91,0),
(92,'Total PSA','Tumour Marker(s)','',3,2,'##.0',1,1,8,'',92,0),
(93,'AFP','Tumour Marker(s)','',3,2,'##.0',1,1,7,'',93,0),
(94,'Colour, urine','Urine Analysis','Macroscopic examination',4,5,'32|44|45|46|47|48',1,2,1,'',94,0),
(95,'Appearance, urine','Urine Analysis','Macroscopic examination',4,5,'35|37|36|49',1,2,1,'',95,0),
(96,'Urinary Proteins, strip','Urine Analysis','Urine Chemistry',4,5,'5|9|10|11|12|13',1,2,1,'',96,0),
(97,'Glucose, strip, urine','Urine Analysis','Urine Chemistry',4,5,'5|9|10|11|12|13',1,2,1,'',97,0),
(98,'pH, urine','Urine Analysis','Urine Chemistry',4,5,'50|51|52|53|54|55|56|57',1,2,1,'',98,0),
(99,'Ketone Bodies','Urine Analysis','Urine Chemistry',4,5,'5|9|10|11|12|13',1,2,1,'',99,0),
(100,'Specific Gravity','Urine Analysis','Urine Chemistry',4,5,'58|59|60|61|62|63|64',1,2,1,'',100,0),
(101,'Nitrite','Urine Analysis','Urine Chemistry',4,5,'1|5',1,2,1,'',101,0),
(102,'Bilirubin','Urine Analysis','Urine Chemistry',4,5,'5|9|10|11|12',1,2,1,'',102,0),
(103,'Urobilinogen','Urine Analysis','Urine Chemistry',4,5,'24|10|11|12|13',1,2,1,'',103,0),
(104,'Leukocytes, urine','Urine Analysis','Urine Chemistry',4,5,'5|9|10|11|12|13',1,2,1,'',104,0),
(105,'Blood, urine','Urine Analysis','Urine Chemistry',4,5,'5|9|10|11|12|13',1,2,1,'',105,0),
(106,'Pus cells, urine','Urine Analysis','Deposits and Microscopy',4,5,'TEXT',1,1,1,'',106,0),
(107,'Red blood cells, urine','Urine Analysis','Deposits and Microscopy',4,5,'TEXT',1,1,1,'',107,0),
(108,'Epithellial cells, urine','Urine Analysis','Deposits and Microscopy',4,5,'TEXT',1,1,1,'',108,0),
(109,'Casts, urine','Urine Analysis','Deposits and Microscopy',4,5,'65|80|81|82|83|84|85|86|87',1,2,1,'',109,0),
(110,'Crystals, urine','Urine Analysis','Deposits and Microscopy',4,5,'65|66|67|68|69|70|71|72|73|74|75|76|77|78|79',1,2,1,'',110,0),
(111,'Urine Protein','','',4,5,'##.0',1,2,1,'',111,0),
(112,'Urine Glucose','','',4,5,'###.0',1,2,4,'',112,0),
(113,'Urine Glucose, Fasting','','',4,5,'###.0',1,2,4,'',113,0),
(114,'Urine Glucose, Post Prandial','','',4,5,'###.0',1,2,4,'',114,0),
(115,'Urine for Pregnancy Test','','',4,5,'1|5',1,2,1,'',115,0),
(116,'Microalbumin ','','',4,5,'####.##',1,1,26,'',116,0),
(117,'Random Urine for Sodium','','',4,5,'###.##',1,1,5,'',117,0),
(118,'Random Urine for Potassium','','',4,5,'###.##',1,1,5,'',118,0),
(119,'Random Urine for Proteins','','',4,5,'####.00',1,1,4,'',119,0),
(120,'Random Urine for Calcium','','',4,5,'####.##',1,1,4,'',120,0),
(121,'Random Urine for Uric Acid','','',4,5,'####.##',1,1,4,'',121,0),
(122,'Random Urine for Creatinine','','',4,5,'#####.##',1,1,4,'',122,0),
(123,'Occult Blood','','',4,5,'1|5',1,2,1,'',123,0),
(124,'Colour','Stool R/E','Macroscopic examination',4,6,'45|47|88|89',1,2,1,'',124,0),
(125,'Consistency','Stool R/E','Macroscopic examination',4,6,'90|91|92|93',1,2,1,'',125,0),
(126,'Amoeba','Stool R/E','Microscopic examination',4,6,'94',1,2,1,'',126,0),
(127,'Ova','Stool R/E','Microscopic examination',4,6,'94',1,2,1,'',127,0),
(128,'Cyst','Stool R/E','Microscopic examination',4,6,'94',1,2,1,'',128,0),
(129,'Stool Pus Cells','Stool R/E','Microscopic examination',4,6,'94',1,2,1,'',129,0),
(130,'Stool Red Blood Cells','Stool R/E','Microscopic examination',4,6,'94',1,2,1,'',130,0),
(131,'Others','Stool R/E','Microscopic examination',4,6,'TEXT',1,3,1,'',131,0),
(132,'Deposit- Gram Stain ','','',6,3,'TEXT',1,3,1,'',132,0),
(133,'Colour (Synovial)','Synovial Fluid','',2,11,'32|33',1,2,1,'',133,0),
(134,'Appearance (Synovial)','Synovial Fluid','',2,11,'35|36|37',1,2,1,'',134,0),
(135,'Total Nucleated Cells Count','Synovial Fluid','',2,11,'###0.00',1,1,1,'',135,0),
(136,'WBC (Synovial)','Synovial Fluid','',2,11,'###0.00',1,1,1,'',136,0),
(137,'Mononuclear Cells (Synovial)','Synovial Fluid','',2,11,'###0.00',1,1,1,'',137,0),
(138,'Polymorphonuclear Cells (Synovial)','Synovial Fluid','',2,11,'###0.00',1,1,1,'',138,0),
(139,'% Mononuclear Cells (Synovial)','Synovial Fluid','',2,11,'#0.0',1,1,1,'',139,0),
(140,'% Polymorphonuclear Cells (Synovial)','Synovial Fluid','',2,11,'#0.0',1,1,1,'',140,0),
(141,'RBC (Synovial)','Synovial Fluid','',2,11,'###0.00',1,1,1,'',141,0),
(142,'Uric Acid (Synovial)','Synovial Fluid','',2,11,'##0.00',1,1,1,'',142,0),
(143,'Colour (CSF)','CSF Analysis','',2,7,'32|33',1,2,1,'',143,0),
(144,'Appearance (CSF)','CSF Analysis','',2,7,'35|36|37',1,2,1,'',144,0),
(145,'Total Nucleated Cells Count(CSF)','CSF Analysis','CSF-Cell Count ',2,7,'###.0',1,1,17,'',145,0),
(146,'WBC (CSF)','CSF Analysis','CSF-Cell Count ',2,7,'###.0',1,1,17,'',146,0),
(147,'Mononuclear Cells (CSF)','CSF Analysis','CSF-Cell Count ',2,7,'###.0',1,1,17,'',147,0),
(148,'Polymorphonuclear Cells (CSF)','CSF Analysis','CSF-Cell Count ',2,7,'###.0',1,1,17,'',148,0),
(149,'% Mononuclear Cells (CSF)','CSF Analysis','CSF-Cell Count ',2,7,'###.0',1,1,16,'',149,0),
(150,'% Polymorphonuclear Cells (CSF)','CSF Analysis','CSF-Cell Count ',2,7,'###.0',1,1,16,'',150,0),
(151,'RBC (CSF)','CSF Analysis','CSF-Cell Count ',2,7,'###.0',1,1,20,'',151,0),
(152,'CSF-Chloride','CSF Analysis','',2,7,'###.0',1,1,5,'',152,0),
(153,'CSF-Glucose','CSF Analysis','',2,7,'####.0',1,1,4,'',153,0),
(154,'CSF-Proteins','CSF Analysis','',2,7,'####.00',1,1,4,'',154,0),
(155,'Semen Volume','Semen Analysis','',4,8,'#0.0',1,1,1,'',155,0),
(156,'Semen Appearance','Semen Analysis','',4,7,'95',1,2,1,'',156,0),
(157,'Liqufaction','Semen Analysis','',4,7,'#0.0',1,1,1,'',157,0),
(158,'Viscosity','Semen Analysis','',4,7,'24|96',1,2,1,'',158,0),
(159,'pH','Semen Analysis','',4,7,'50|51|52|53|54|55|56|57',1,2,1,'',159,0),
(160,'Morphologically Normal','Semen Analysis','',4,7,'#0.0',1,1,1,'',160,0),
(161,'Morphologically Abnormal','Semen Analysis','',4,7,'#0.0',1,1,1,'',161,0),
(162,'Progressive','Semen Analysis','',4,7,'#0.0',1,1,1,'',162,0),
(163,'Non-Progressive','Semen Analysis','',4,7,'#0.0',1,1,1,'',163,0),
(164,'Non-motile','Semen Analysis','',4,7,'#0.0',1,1,1,'',164,0),
(165,'Sperm Agglutinations','Semen Analysis','',4,7,'97|98',1,2,1,'',165,0),
(166,'WBC, semen','Semen Analysis','',4,7,'###',1,1,1,'',166,0),
(167,'Sperm Count','Semen Analysis','',4,7,'##0.0',1,1,1,'',167,0),
(168,'Absolute Spermatozoa Count ','Semen Analysis','',4,8,'##0.0',1,1,1,'',168,0),
(169,'ASO (Qualitative)','','',2,2,'1|5',1,1,1,'',169,0),
(170,'Rheumatoid Factor (Qualitative)','','',3,2,'1|5',1,2,1,'',170,0),
(171,'Rheumatoid Factor (Quantitative)','','',3,2,'###0',1,1,7,'',171,0),
(172,'CRP Qualitative','','',2,2,'1|5',1,2,1,'',172,0),
(173,'CRP Quantitative','','',2,2,'###0',1,1,1,'',173,0),
(174,'WIDAL Slide','','',3,2,'###',1,2,1,'',174,0),
(175,'WIDAL Tube','','',3,2,'###',1,2,1,'',175,0),
(176,'Dengue Rapid IgM ','Dengue Rapid IgG and IgM','',3,2,'1|5',1,2,1,'',176,0),
(177,'Dengue Rapid IgG ','Dengue Rapid IgG and IgM','',3,2,'1|5',1,2,1,'',177,0),
(178,'NS1 Antigen','Dengue Rapid IgG and IgM','',3,2,'1|5',1,2,1,'',178,0),
(179,'Malarial Antigen Test ','','',3,2,'1|5',1,2,1,'',179,0),
(180,'Mantoux Test ','','',6,22,'###',1,2,1,'',180,0),
(181,'HIV Screening ','','',3,2,'4|8|26',1,2,1,'',181,0),
(182,'HBsAg Screening','','',3,2,'4|8|26',1,2,1,'',182,0),
(183,'VDRL','','',3,2,'4|8|26',1,2,1,'',183,0),
(184,'HCV Screening ','','',3,2,'4|8|26',1,2,1,'',184,0),
(185,'Anti HCV','','',3,2,'##0.000',1,1,1,'',185,0),
(186,'HBsAg ELISA/ Chemiluminascence','','',3,2,'##0.000',1,1,1,'',186,0),
(187,'HIV ELISA','','',3,2,'##0.000',1,1,1,'',187,0),
(188,'Anti HIV 1+2','','',3,2,'4|8|26',1,1,1,'',188,0),
(189,'Anti HCV ELISA','','',3,2,'##0.000',1,1,1,'',189,0),
(190,'Toxoplasma IgG','','',3,2,'1|5',1,1,1,'',190,0),
(191,'Toxoplasma IgM','','',3,2,'1|5',1,1,1,'',191,0),
(192,'Rubella IgG','','',3,2,'1|5',1,1,1,'',192,0),
(193,'Rubella IgM','','',3,2,'1|5',1,1,1,'',193,0),
(194,'CMV IgG','','',3,2,'1|5',1,1,1,'',194,0),
(195,'CMV IgM','','',3,2,'1|5',1,1,1,'',195,0),
(196,'HSV I IgG','','',3,2,'1|5',1,1,1,'',196,0),
(197,'Urine C/S','','',6,12,'#',1,3,1,'',197,0),
(198,'HVS C/S','','',6,13,'#',1,3,1,'',198,0),
(199,'Pus C/S','','',6,14,'#',1,3,1,'',199,0),
(200,'Sputum C/S','','',6,15,'#',1,3,1,'',200,0),
(201,'Exudate C/S','','',6,16,'#',1,3,1,'',201,0),
(202,'Swab C/S','','',6,17,'#',1,3,1,'',202,0),
(203,'Stool C/S','','',6,6,'#',1,3,1,'',203,0),
(204,'Stool C/S O157 H7','','',6,6,'#',1,3,1,'',204,0),
(205,'Stool C/S with ABST','','',6,6,'#',1,3,1,'',205,0),
(206,'Blood C/S','','',6,18,'#',1,3,1,'',206,0),
(207,'CSF C/S (Exudates)','','',6,7,'#',1,3,1,'',207,0),
(208,'Semen C/S (Exudates)','','',6,8,'#',1,3,1,'',208,0),
(209,'Fungal C/S','','',6,22,'#',1,3,1,'',209,0),
(210,'Anaerobic C/S','','',6,22,'#',1,3,1,'',210,0),
(211,'HVS for Spermatozoa','','',4,17,'#',1,2,1,'',211,0),
(212,'Urethral Smear for Gonococci','','',6,18,'#',1,2,1,'',212,0),
(213,'Direct Smear for fungus','','',6,18,'#',1,2,1,'',213,0),
(214,'Sputum for AFB X 3 days','','',6,15,'#',1,3,1,'',214,0),
(215,'Clippings for Lepra Bacilli (AFB stain)','','',6,20,'TEXT',1,2,1,'',215,0),
(216,'Skin Scrapping for Fungus','','',6,20,'99|100',1,2,1,'',216,0),
(217,'Gram Staining ','','',6,22,'TEXT',1,3,1,'',217,0),
(218,'Deposit-Ziehl Neelson (AFB Stain)','','',6,22,'#',1,2,1,'',218,0),
(219,'SARS-Cov-2','','',7,21,'1|5',1,2,1,'',219,0),
(220,'TB','','',6,22,'#',1,3,1,'',220,0),
(221,'Fluid Cytology','','',8,22,'#',1,3,1,'',221,0),
(222,'Biopsy','','',8,22,'#',1,3,1,'',222,0),
(223,'Extra Tissue','','',8,22,'#',1,3,1,'',223,0);

SET IDENTITY_INSERT [dbo].[Test] OFF;

--insert user: Bismillah.123!
SET IDENTITY_INSERT [Users] ON
  INSERT INTO [dbo].[Users] ([Id], [UserName], [Fullname], [PasswordHash], [AccessFailedCount], [EmailConfirmed], [PhoneNumberConfirmed], [TwoFactorEnabled], [LockoutEnabled])
  VALUES ('1', 'swatincadmin', 'Ibrahim Hussain', 'SHA512:88:lhOgh7mA9H1w9L9wu6FoVPUiK+sYR4Tr5A==:8Y2OSxfDTkF9zcplYHlU5LZ/zM3cvpycvAWeEbUxQeR1I3/mCxb7tLt5bBLl2FWJmPEubhYyH0s9tFP60Wo3EQ==', 0, 0, 0, 0, 0);

  INSERT INTO [dbo].[Users] ([Id], [UserName], [Fullname], [PasswordHash], [AccessFailedCount], [EmailConfirmed], [PhoneNumberConfirmed], [TwoFactorEnabled], [LockoutEnabled])
  VALUES ('2', 'athaaulla', 'Athaaulla Hassan', 'SHA512:88:lhOgh7mA9H1w9L9wu6FoVPUiK+sYR4Tr5A==:8Y2OSxfDTkF9zcplYHlU5LZ/zM3cvpycvAWeEbUxQeR1I3/mCxb7tLt5bBLl2FWJmPEubhYyH0s9tFP60Wo3EQ==', 0, 0, 0, 0, 0);
  
  INSERT INTO [dbo].[Users] ([Id], [UserName], [Fullname], [PasswordHash], [AccessFailedCount], [EmailConfirmed], [PhoneNumberConfirmed], [TwoFactorEnabled], [LockoutEnabled])
  VALUES ('3', 'hisaan', 'Ahmed Hisan Saeed', 'SHA512:88:lhOgh7mA9H1w9L9wu6FoVPUiK+sYR4Tr5A==:8Y2OSxfDTkF9zcplYHlU5LZ/zM3cvpycvAWeEbUxQeR1I3/mCxb7tLt5bBLl2FWJmPEubhYyH0s9tFP60Wo3EQ==', 0, 0, 0, 0, 0);

SET IDENTITY_INSERT [Users] OFF


--1 = Swat, Inc Developer
--2 = Laboratory Manager
--3 = On-site IT
--4 = Laboratory Technologist
--5 = Pathologist
--6 = Phlebotomist
--7 = Reception Staff

--insert roles
INSERT INTO [dbo].[Roles] ([Id], [Name])
  VALUES ('1', 'Swat, Inc Developer'),
  ('2', 'Laboratory Manager'),
  ('3', 'On-site IT'),
  ('4', 'Laboratory Technologist'),
  ('5', 'Pathologist'),
  ('6', 'Phlebotomist'),
  ('7', 'Reception Staff');

--setup user roles
INSERT INTO [dbo].[UserRoles] ([UserId], [RoleId])
  VALUES ('1', '1'),
  ('2', '2'),
  ('3', '2');


--setup user claims - develper
INSERT INTO [dbo].[RoleClaims] ([RoleId], [ClaimValue])
  VALUES ('1', 'ribbon'),
    ('1', 'OrderEntryView'),
    ('1', 'ResultEntryView'),
    ('1', 'OrderEntry.Search'),
    ('1', 'OrderEntry.SearchReq'),
    ('1', 'OrderEntry.Remove'),
    ('1', 'OrderEntry.Confirm'),
    ('1', 'OrderEntry.PrintBarcode'),
    ('1', 'ResultEntryView.LoadWorksheet'),
    ('1', 'ResultEntryView.Report'),
    ('1', 'ResultEntry.ValidateSampleOrTest'),
    ('1', 'ResultEntry.ViewAuditTrail'),
    ('1', 'ResultEntry.PrintReport'),
    ('1', 'ResultEntry.RejectSampleOrTest'),
    ('1', 'ResultEntry.CancelSampleOrTestRejection'),
    ('1', 'ResultEntry.ShowTestHistory'),
    ('1', 'MainView'),
    ('1', 'Ribbon.Profile'),
    ('1', 'Ribbon.ConfigurationPage'),
    ('1', 'Ribbon.GeneralPage'),
    ('1', 'AcceptSamplesView');

    --setup user claims - labManager
INSERT INTO [dbo].[RoleClaims] ([RoleId], [ClaimValue])
  VALUES ('2', 'ribbon'),
    ('2', 'OrderEntryView'),
    ('2', 'ResultEntryView'),
    ('2', 'OrderEntry.Search'),
    ('2', 'OrderEntry.SearchReq'),
    ('2', 'OrderEntry.Remove'),
    ('2', 'OrderEntry.Confirm'),
    ('2', 'OrderEntry.PrintBarcode'),
    ('2', 'ResultEntryView.LoadWorksheet'),
    ('2', 'ResultEntryView.Report'),
    ('2', 'ResultEntry.ValidateSampleOrTest'),
    ('2', 'ResultEntry.ViewAuditTrail'),
    ('2', 'ResultEntry.PrintReport'),
    ('2', 'ResultEntry.RejectSampleOrTest'),
    ('2', 'ResultEntry.CancelSampleOrTestRejection'),
    ('2', 'ResultEntry.ShowTestHistory'),
    ('2', 'MainView'),
    ('2', 'Ribbon.Profile'),
    ('2', 'Ribbon.ConfigurationPage'),
    ('2', 'Ribbon.GeneralPage'),
    ('2', 'AcceptSamplesView');

    --setup user claims - OnSite IT
INSERT INTO [dbo].[RoleClaims] ([RoleId], [ClaimValue])
  VALUES ('3', 'ribbon'),
    ('3', 'OrderEntryView'),
    ('3', 'ResultEntryView'),
    ('3', 'OrderEntry.Search'),
    ('3', 'OrderEntry.SearchReq'),
    ('3', 'ResultEntryView.LoadWorksheet'),
    ('3', 'ResultEntryView.Report'),
    ('3', 'ResultEntry.ViewAuditTrail'),
    ('3', 'ResultEntry.PrintReport'),
    ('3', 'ResultEntry.ShowTestHistory'),
    ('3', 'MainView'),
    ('3', 'Ribbon.Profile'),
    ('3', 'Ribbon.ConfigurationPage'),
    ('3', 'Ribbon.GeneralPage');

    --setup user claims - technologist
INSERT INTO [dbo].[RoleClaims] ([RoleId], [ClaimValue])
  VALUES ('4', 'ribbon'),
    ('4', 'OrderEntryView'),
    ('4', 'ResultEntryView'),
    ('4', 'OrderEntry.Search'),
    ('4', 'OrderEntry.SearchReq'),
    ('4', 'OrderEntry.Remove'),
    ('4', 'OrderEntry.Confirm'),
    ('4', 'OrderEntry.PrintBarcode'),
    ('4', 'ResultEntryView.LoadWorksheet'),
    ('4', 'ResultEntryView.Report'),
    ('4', 'ResultEntry.ValidateSampleOrTest'),
    ('4', 'ResultEntry.ViewAuditTrail'),
    ('4', 'ResultEntry.PrintReport'),
    ('4', 'ResultEntry.RejectSampleOrTest'),
    ('4', 'ResultEntry.CancelSampleOrTestRejection'),
    ('4', 'ResultEntry.ShowTestHistory'),
    ('4', 'MainView'),
    ('4', 'Ribbon.Profile'),
    ('4', 'Ribbon.GeneralPage'),
    ('4', 'AcceptSamplesView');

--setup user claims - pathologist
INSERT INTO [dbo].[RoleClaims] ([RoleId], [ClaimValue])
  VALUES 
    ('5', 'ribbon'),
    ('5', 'OrderEntryView'),
    ('5', 'ResultEntryView'),
    ('5', 'OrderEntry.Search'),
    ('5', 'OrderEntry.SearchReq'),
    ('5', 'OrderEntry.Remove'),
    ('5', 'OrderEntry.Confirm'),
    ('5', 'OrderEntry.PrintBarcode'),
    ('5', 'ResultEntryView.LoadWorksheet'),
    ('5', 'ResultEntryView.Report'),
    ('5', 'ResultEntry.ValidateSampleOrTest'),
    ('5', 'ResultEntry.ViewAuditTrail'),
    ('5', 'ResultEntry.PrintReport'),
    ('5', 'ResultEntry.RejectSampleOrTest'),
    ('5', 'ResultEntry.CancelSampleOrTestRejection'),
    ('5', 'ResultEntry.ShowTestHistory'),
    ('5', 'MainView'),
    ('5', 'Ribbon.Profile'),
    ('5', 'Ribbon.GeneralPage'),
    ('5', 'AcceptSamplesView');

--setup user claims - phlebotomist
INSERT INTO [dbo].[RoleClaims] ([RoleId], [ClaimValue])
  VALUES ('6', 'ribbon'),
    ('6', 'OrderEntryView'),
    ('6', 'ResultEntryView'),
    ('6', 'OrderEntry.Search'),
    ('6', 'OrderEntry.SearchReq'),
    ('6', 'OrderEntry.Remove'),
    ('6', 'OrderEntry.Confirm'),
    ('6', 'OrderEntry.PrintBarcode'),
    ('6', 'ResultEntryView.LoadWorksheet'),
    ('6', 'MainView'),
    ('6', 'Ribbon.Profile'),
    ('6', 'Ribbon.GeneralPage'),
    ('6', 'AcceptSamplesView');

    --setup user claims - reception staff
INSERT INTO [dbo].[RoleClaims] ([RoleId], [ClaimValue])
  VALUES ('7', 'ribbon'),
    ('7', 'OrderEntryView'),
    ('7', 'ResultEntryView'),
    ('7', 'OrderEntry.Search'),
    ('7', 'OrderEntry.SearchReq'),
    ('7', 'OrderEntry.Remove'),
    ('7', 'OrderEntry.Confirm'),
    ('7', 'OrderEntry.PrintBarcode'),
    ('7', 'ResultEntry.PrintReport'),
    ('7', 'MainView'),
    ('7', 'Ribbon.Profile'),
    ('7', 'Ribbon.GeneralPage'),
    ('7', 'AcceptSamplesView');

--insert status table data
INSERT INTO [dbo].[Status] ([Status])
  VALUES 
  ('Registered'), 
  ('Collected'), 
  ('Received'), 
  ('ToValidate'), 
  ('Validated'), 
  ('Processing'), 
  ('Rejected'), 
  ('Removed');

  INSERT INTO [dbo].[AuditTypes] ([Description])
  VALUES ('AnalysisRequest'),
  ('Sample'),
  ('Test');


DELETE FROM [dbo].[BillingTestCodeMap];
INSERT INTO [dbo].[BillingTestCodeMap]([TestId],[BillingTestId]) VALUES
(1, 4016),
(2, 4016),
(1, 4334),
(2, 4334),
(3, 4334),
(4, 4334),
(5, 4334),
(6, 4334),
(7, 4334),
(8, 4334),
(9, 4334),
(10, 4334),
(11, 4334),
(12, 4334),
(13, 4334),
(15, 4334),
(16, 4334),
(18, 4334),
(19, 4334),
(20, 4334),
(3, 4011),
(4, 4012),
(5, 4012),
(6, 4012),
(7, 4012),
(8, 4012),
(9, 4012),
(10, 4012),
(11, 4012),
(12, 4012),
(13, 4012),
(14, 4006),
(15, 4254),
(7, 4020),
(1, 4265),
(2, 4265),
(3, 4265),
(4, 4265),
(5, 4265),
(6, 4265),
(7, 4265),
(8, 4265),
(9, 4265),
(10, 4265),
(11, 4265),
(12, 4265),
(13, 4265),
(15, 4265),
(16, 4265),
(18, 4265),
(19, 4265),
(20, 4265),
(17, 4265),
(21, 4021),
(22, 4075),
(23, 4093),
(24, 4093),
(27, 4030),
(28, 4030),
(29, 4049),
(30, 4065),
(32, 4026),
(33, 4027),
(34, 4209),
(31, 4102),
(35, 4173),
(36, 4201),
(37, 4201),
(38, 4201),
(39, 4201),
(40, 4000),
(41, 9629),
(42, 4247),
(43, 4247),
(44, 4247),
(42, 4032),
(43, 4034),
(44, 4035),
(46, 4114),
(47, 4114),
(48, 4114),
(49, 4114),
(50, 4114),
(46, 4186),
(47, 4050),
(48, 4051),
(51, 9627),
(52, 9627),
(53, 9627),
(54, 9627),
(55, 9627),
(51, 4073),
(52, 4105),
(53, 4036),
(54, 4115),
(54, 4267),
(55, 4330),
(56, 4332),
(57, 4332),
(59, 4332),
(60, 4332),
(61, 4332),
(62, 4332),
(63, 4332),
(64, 4332),
(65, 4332),
(66, 4332),
(67, 4332),
(56, 4032),
(58, 4264),
(57, 4040),
(64, 4042),
(65, 4041),
(66, 4043),
(67, 4052),
(60, 4044),
(61, 4045),
(62, 4194),
(68, 4054),
(69, 4055),
(70, 4056),
(71, 4057),
(72, 4256),
(73, 4064),
(74, 4092),
(75, 4329),
(76, 4158),
(77, 4158),
(78, 4158),
(79, 4158),
(80, 4158),
(79, 4157),
(80, 4156),
(78, 4023),
(78, 4120),
(76, 4118),
(77, 4119),
(81, 4335),
(82, 4113),
(83, 9632),
(84, 9691),
(85, 9633),
(86, 9634),
(87, 9635),
(88, 9636),
(89, 4037),
(90, 4038),
(91, 9625),
(92, 9637),
(93, 9638),
(94, 4333),
(95, 4333),
(96, 4333),
(97, 4333),
(98, 4333),
(99, 4333),
(100, 4333),
(101, 4333),
(102, 4333),
(103, 4333),
(104, 4333),
(105, 4333),
(106, 4333),
(107, 4333),
(108, 4333),
(109, 4333),
(110, 4333),
(106, 4003),
(107, 4003),
(108, 4003),
(109, 4003),
(110, 4003),
(96, 4270),
(97, 4002),
(113, 4219),
(114, 4220),
(115, 4108),
(117, 4067),
(118, 4068),
(119, 4007),
(120, 4177),
(121, 4180),
(122, 4233),
(123, 4015),
(124, 4024),
(125, 4024),
(126, 4024),
(127, 4024),
(128, 4024),
(129, 4024),
(130, 4024),
(131, 4024),
(155, 4090),
(156, 4090),
(157, 4090),
(158, 4090),
(159, 4090),
(160, 4090),
(161, 4090),
(162, 4090),
(163, 4090),
(164, 4090),
(165, 4090),
(166, 4090),
(167, 4090),
(168, 4090),
(168, 9640),
(133, 928),
(134, 928),
(135, 928),
(136, 928),
(137, 928),
(138, 928),
(139, 928),
(140, 928),
(141, 928),
(142, 928),
(145, 4159),
(146, 4159),
(147, 4159),
(148, 4159),
(149, 4159),
(150, 4159),
(151, 4159),
(153, 4196),
(154, 9639),
(169, 4183),
(170, 4059),
(170, 4262),
(170, 9641),
(171, 4060),
(171, 4263),
(172, 4086),
(173, 4087),
(174, 4061),
(175, 4062),
(175, 9642),
(176, 4110),
(177, 4110),
(178, 4110),
(179, 9643),
(181, 4091),
(182, 4107),
(183, 4063),
(184, 4170),
(185, 9646),
(186, 4191),
(187, 4297),
(188, 9647),
(189, 4128);
	
GO